STATION,NAME,DATE,SNWD,TAVG,TMAX,TMIN
USC00218450,"UNIVERSITY OF MN ST. PAUL, MN US",1996-12-01,,,25,17
USC00218450,"UNIVERSITY OF MN ST. PAUL, MN US",1996-12-02,,,25,6
USC00218450,"UNIVERSITY OF MN ST. PAUL, MN US",1996-12-03,,,22,10
USC00218450,"UNIVERSITY OF MN ST. PAUL, MN US",1996-12-04,,,25,8
USC00218450,"UNIVERSITY OF MN ST. PAUL, MN US",1996-12-05,,,29,23
USC00218450,"UNIVERSITY OF MN ST. PAUL, MN US",1996-12-06,,,31,24
USC00218450,"UNIVERSITY OF MN ST. PAUL, MN US",1996-12-07,,,28,17
USC00218450,"UNIVERSITY OF MN ST. PAUL, MN US",1996-12-08,,,27,21
USC00218450,"UNIVERSITY OF MN ST. PAUL, MN US",1996-12-09,,,27,19
USC00218450,"UNIVERSITY OF MN ST. PAUL, MN US",1996-12-10,,,28,21
USC00218450,"UNIVERSITY OF MN ST. PAUL, MN US",1996-12-11,,,34,28
USC00218450,"UNIVERSITY OF MN ST. PAUL, MN US",1996-12-12,,,35,30
USC00218450,"UNIVERSITY OF MN ST. PAUL, MN US",1996-12-13,,,32,19
USC00218450,"UNIVERSITY OF MN ST. PAUL, MN US",1996-12-14,,,28,10
USC00218450,"UNIVERSITY OF MN ST. PAUL, MN US",1996-12-15,,,28,14
USC00218450,"UNIVERSITY OF MN ST. PAUL, MN US",1996-12-16,,,30,3
USC00218450,"UNIVERSITY OF MN ST. PAUL, MN US",1996-12-17,,,27,2
USC00218450,"UNIVERSITY OF MN ST. PAUL, MN US",1996-12-18,,,12,5
USC00218450,"UNIVERSITY OF MN ST. PAUL, MN US",1996-12-19,,,13,-2
USC00218450,"UNIVERSITY OF MN ST. PAUL, MN US",1996-12-20,,,10,-14
USC00218450,"UNIVERSITY OF MN ST. PAUL, MN US",1996-12-21,,,29,10
USC00218450,"UNIVERSITY OF MN ST. PAUL, MN US",1996-12-22,,,20,6
USC00218450,"UNIVERSITY OF MN ST. PAUL, MN US",1996-12-23,,,22,13
USC00218450,"UNIVERSITY OF MN ST. PAUL, MN US",1996-12-24,,,21,-9
USC00218450,"UNIVERSITY OF MN ST. PAUL, MN US",1996-12-25,,,-7,-18
USC00218450,"UNIVERSITY OF MN ST. PAUL, MN US",1996-12-26,,,0,-20
USC00218450,"UNIVERSITY OF MN ST. PAUL, MN US",1996-12-27,,,10,-10
USC00218450,"UNIVERSITY OF MN ST. PAUL, MN US",1996-12-28,,,15,8
USC00218450,"UNIVERSITY OF MN ST. PAUL, MN US",1996-12-29,,,11,3
USC00218450,"UNIVERSITY OF MN ST. PAUL, MN US",1996-12-30,,,17,3
USC00218450,"UNIVERSITY OF MN ST. PAUL, MN US",1996-12-31,,,21,9
USC00218450,"UNIVERSITY OF MN ST. PAUL, MN US",1997-01-01,,,33,21
USC00218450,"UNIVERSITY OF MN ST. PAUL, MN US",1997-01-02,,,37,27
USC00218450,"UNIVERSITY OF MN ST. PAUL, MN US",1997-01-03,,,37,30
USC00218450,"UNIVERSITY OF MN ST. PAUL, MN US",1997-01-04,,,35,30
USC00218450,"UNIVERSITY OF MN ST. PAUL, MN US",1997-01-05,,,30,3
USC00218450,"UNIVERSITY OF MN ST. PAUL, MN US",1997-01-06,,,9,-2
USC00218450,"UNIVERSITY OF MN ST. PAUL, MN US",1997-01-07,,,8,-10
USC00218450,"UNIVERSITY OF MN ST. PAUL, MN US",1997-01-08,,,30,5
USC00218450,"UNIVERSITY OF MN ST. PAUL, MN US",1997-01-09,,,26,23
USC00218450,"UNIVERSITY OF MN ST. PAUL, MN US",1997-01-10,,,23,2
USC00218450,"UNIVERSITY OF MN ST. PAUL, MN US",1997-01-11,,,2,-12
USC00218450,"UNIVERSITY OF MN ST. PAUL, MN US",1997-01-12,,,-1,-12
USC00218450,"UNIVERSITY OF MN ST. PAUL, MN US",1997-01-13,,,8,-6
USC00218450,"UNIVERSITY OF MN ST. PAUL, MN US",1997-01-14,,,9,-9
USC00218450,"UNIVERSITY OF MN ST. PAUL, MN US",1997-01-15,,,20,9
USC00218450,"UNIVERSITY OF MN ST. PAUL, MN US",1997-01-16,,,12,-10
USC00218450,"UNIVERSITY OF MN ST. PAUL, MN US",1997-01-17,,,-2,-14
USC00218450,"UNIVERSITY OF MN ST. PAUL, MN US",1997-01-18,,,8,-9
USC00218450,"UNIVERSITY OF MN ST. PAUL, MN US",1997-01-19,,,33,7
USC00218450,"UNIVERSITY OF MN ST. PAUL, MN US",1997-01-20,,,33,17
USC00218450,"UNIVERSITY OF MN ST. PAUL, MN US",1997-01-21,,,37,22
USC00218450,"UNIVERSITY OF MN ST. PAUL, MN US",1997-01-22,,,37,15
USC00218450,"UNIVERSITY OF MN ST. PAUL, MN US",1997-01-23,,,17,-1
USC00218450,"UNIVERSITY OF MN ST. PAUL, MN US",1997-01-24,,,22,12
USC00218450,"UNIVERSITY OF MN ST. PAUL, MN US",1997-01-25,,,12,-9
USC00218450,"UNIVERSITY OF MN ST. PAUL, MN US",1997-01-26,,,0,-16
USC00218450,"UNIVERSITY OF MN ST. PAUL, MN US",1997-01-27,,,2,-3
USC00218450,"UNIVERSITY OF MN ST. PAUL, MN US",1997-01-28,,,3,-14
USC00218450,"UNIVERSITY OF MN ST. PAUL, MN US",1997-01-29,,,9,-4
USC00218450,"UNIVERSITY OF MN ST. PAUL, MN US",1997-01-30,,,21,-2
USC00218450,"UNIVERSITY OF MN ST. PAUL, MN US",1997-01-31,,,39,19
USC00218450,"UNIVERSITY OF MN ST. PAUL, MN US",1997-02-01,,,32,17
USC00218450,"UNIVERSITY OF MN ST. PAUL, MN US",1997-02-02,,,32,20
USC00218450,"UNIVERSITY OF MN ST. PAUL, MN US",1997-02-03,,,28,9
USC00218450,"UNIVERSITY OF MN ST. PAUL, MN US",1997-02-04,,,27,20
USC00218450,"UNIVERSITY OF MN ST. PAUL, MN US",1997-02-05,,,28,22
USC00218450,"UNIVERSITY OF MN ST. PAUL, MN US",1997-02-06,,,31,20
USC00218450,"UNIVERSITY OF MN ST. PAUL, MN US",1997-02-07,,,30,22
USC00218450,"UNIVERSITY OF MN ST. PAUL, MN US",1997-02-08,,,26,8
USC00218450,"UNIVERSITY OF MN ST. PAUL, MN US",1997-02-09,,,26,10
USC00218450,"UNIVERSITY OF MN ST. PAUL, MN US",1997-02-10,,,23,20
USC00218450,"UNIVERSITY OF MN ST. PAUL, MN US",1997-02-11,,,22,6
USC00218450,"UNIVERSITY OF MN ST. PAUL, MN US",1997-02-12,,,21,-1
USC00218450,"UNIVERSITY OF MN ST. PAUL, MN US",1997-02-13,,,19,1
USC00218450,"UNIVERSITY OF MN ST. PAUL, MN US",1997-02-14,,,23,17
USC00218450,"UNIVERSITY OF MN ST. PAUL, MN US",1997-02-15,,,23,-3
USC00218450,"UNIVERSITY OF MN ST. PAUL, MN US",1997-02-16,,,18,0
USC00218450,"UNIVERSITY OF MN ST. PAUL, MN US",1997-02-17,,,42,13
USC00218450,"UNIVERSITY OF MN ST. PAUL, MN US",1997-02-18,,,47,35
USC00218450,"UNIVERSITY OF MN ST. PAUL, MN US",1997-02-19,,,40,13
USC00218450,"UNIVERSITY OF MN ST. PAUL, MN US",1997-02-20,,,45,24
USC00218450,"UNIVERSITY OF MN ST. PAUL, MN US",1997-02-21,,,40,28
USC00218450,"UNIVERSITY OF MN ST. PAUL, MN US",1997-02-22,,,28,13
USC00218450,"UNIVERSITY OF MN ST. PAUL, MN US",1997-02-23,,,26,2
USC00218450,"UNIVERSITY OF MN ST. PAUL, MN US",1997-02-24,,,14,0
USC00218450,"UNIVERSITY OF MN ST. PAUL, MN US",1997-02-25,,,39,4
USC00218450,"UNIVERSITY OF MN ST. PAUL, MN US",1997-02-26,,,38,29
USC00218450,"UNIVERSITY OF MN ST. PAUL, MN US",1997-02-27,,,34,23
USC00218450,"UNIVERSITY OF MN ST. PAUL, MN US",1997-02-28,,,33,24
USC00218450,"UNIVERSITY OF MN ST. PAUL, MN US",1997-03-01,,,36,27
USC00218450,"UNIVERSITY OF MN ST. PAUL, MN US",1997-03-02,,,36,13
USC00218450,"UNIVERSITY OF MN ST. PAUL, MN US",1997-03-03,,,32,22
USC00218450,"UNIVERSITY OF MN ST. PAUL, MN US",1997-03-04,,,33,28
USC00218450,"UNIVERSITY OF MN ST. PAUL, MN US",1997-03-05,,,32,10
USC00218450,"UNIVERSITY OF MN ST. PAUL, MN US",1997-03-06,,,19,3
USC00218450,"UNIVERSITY OF MN ST. PAUL, MN US",1997-03-07,,,26,4
USC00218450,"UNIVERSITY OF MN ST. PAUL, MN US",1997-03-08,,,35,8
USC00218450,"UNIVERSITY OF MN ST. PAUL, MN US",1997-03-09,,,40,32
USC00218450,"UNIVERSITY OF MN ST. PAUL, MN US",1997-03-10,,,44,30
USC00218450,"UNIVERSITY OF MN ST. PAUL, MN US",1997-03-11,,,40,26
USC00218450,"UNIVERSITY OF MN ST. PAUL, MN US",1997-03-12,,,35,26
USC00218450,"UNIVERSITY OF MN ST. PAUL, MN US",1997-03-13,,,29,20
USC00218450,"UNIVERSITY OF MN ST. PAUL, MN US",1997-03-14,,,20,14
USC00218450,"UNIVERSITY OF MN ST. PAUL, MN US",1997-03-15,,,16,-3
USC00218450,"UNIVERSITY OF MN ST. PAUL, MN US",1997-03-16,,,37,1
USC00218450,"UNIVERSITY OF MN ST. PAUL, MN US",1997-03-17,,,40,30
USC00218450,"UNIVERSITY OF MN ST. PAUL, MN US",1997-03-18,,,38,29
USC00218450,"UNIVERSITY OF MN ST. PAUL, MN US",1997-03-19,,,41,25
USC00218450,"UNIVERSITY OF MN ST. PAUL, MN US",1997-03-20,0,,48,27
USC00218450,"UNIVERSITY OF MN ST. PAUL, MN US",1997-03-21,0,,44,37
USC00218450,"UNIVERSITY OF MN ST. PAUL, MN US",1997-03-22,0,,42,30
USC00218450,"UNIVERSITY OF MN ST. PAUL, MN US",1997-03-23,0,,40,27
USC00218450,"UNIVERSITY OF MN ST. PAUL, MN US",1997-03-24,0,,34,26
USC00218450,"UNIVERSITY OF MN ST. PAUL, MN US",1997-03-25,0,,35,30
USC00218450,"UNIVERSITY OF MN ST. PAUL, MN US",1997-03-26,0,,53,25
USC00218450,"UNIVERSITY OF MN ST. PAUL, MN US",1997-03-27,0,,64,34
USC00218450,"UNIVERSITY OF MN ST. PAUL, MN US",1997-03-28,0,,64,38
USC00218450,"UNIVERSITY OF MN ST. PAUL, MN US",1997-03-29,0,,49,36
USC00218450,"UNIVERSITY OF MN ST. PAUL, MN US",1997-03-30,0,,47,32
USC00218450,"UNIVERSITY OF MN ST. PAUL, MN US",1997-03-31,0,,55,26
USC00218450,"UNIVERSITY OF MN ST. PAUL, MN US",1997-04-01,0,,67,43
USC00218450,"UNIVERSITY OF MN ST. PAUL, MN US",1997-04-02,0,,66,45
USC00218450,"UNIVERSITY OF MN ST. PAUL, MN US",1997-04-03,0,,59,33
USC00218450,"UNIVERSITY OF MN ST. PAUL, MN US",1997-04-04,0,,64,49
USC00218450,"UNIVERSITY OF MN ST. PAUL, MN US",1997-04-05,0,,56,53
USC00218450,"UNIVERSITY OF MN ST. PAUL, MN US",1997-04-06,0,,56,17
USC00218450,"UNIVERSITY OF MN ST. PAUL, MN US",1997-04-07,0,,24,13
USC00218450,"UNIVERSITY OF MN ST. PAUL, MN US",1997-04-08,0,,29,8
USC00218450,"UNIVERSITY OF MN ST. PAUL, MN US",1997-04-09,0,,36,17
USC00218450,"UNIVERSITY OF MN ST. PAUL, MN US",1997-04-10,0,,36,26
USC00218450,"UNIVERSITY OF MN ST. PAUL, MN US",1997-04-11,0,,40,23
USC00218450,"UNIVERSITY OF MN ST. PAUL, MN US",1997-04-12,0,,45,30
USC00218450,"UNIVERSITY OF MN ST. PAUL, MN US",1997-04-13,0,,51,28
USC00218450,"UNIVERSITY OF MN ST. PAUL, MN US",1997-04-14,0,,55,32
USC00218450,"UNIVERSITY OF MN ST. PAUL, MN US",1997-04-15,0,,55,41
USC00218450,"UNIVERSITY OF MN ST. PAUL, MN US",1997-04-16,0,,48,26
USC00218450,"UNIVERSITY OF MN ST. PAUL, MN US",1997-04-17,0,,55,24
USC00218450,"UNIVERSITY OF MN ST. PAUL, MN US",1997-04-18,0,,55,45
USC00218450,"UNIVERSITY OF MN ST. PAUL, MN US",1997-04-19,0,,66,38
USC00218450,"UNIVERSITY OF MN ST. PAUL, MN US",1997-04-20,0,,65,40
USC00218450,"UNIVERSITY OF MN ST. PAUL, MN US",1997-04-21,0,,64,44
USC00218450,"UNIVERSITY OF MN ST. PAUL, MN US",1997-04-22,0,,61,36
USC00218450,"UNIVERSITY OF MN ST. PAUL, MN US",1997-04-23,0,,59,38
USC00218450,"UNIVERSITY OF MN ST. PAUL, MN US",1997-04-24,0,,60,34
USC00218450,"UNIVERSITY OF MN ST. PAUL, MN US",1997-04-25,0,,64,39
USC00218450,"UNIVERSITY OF MN ST. PAUL, MN US",1997-04-26,0,,64,42
USC00218450,"UNIVERSITY OF MN ST. PAUL, MN US",1997-04-27,0,,63,44
USC00218450,"UNIVERSITY OF MN ST. PAUL, MN US",1997-04-28,0,,68,36
USC00218450,"UNIVERSITY OF MN ST. PAUL, MN US",1997-04-29,0,,71,47
USC00218450,"UNIVERSITY OF MN ST. PAUL, MN US",1997-04-30,0,,65,38
USC00218450,"UNIVERSITY OF MN ST. PAUL, MN US",1997-05-01,0,,61,30
USC00218450,"UNIVERSITY OF MN ST. PAUL, MN US",1997-05-02,0,,61,48
USC00218450,"UNIVERSITY OF MN ST. PAUL, MN US",1997-05-03,0,,61,40
USC00218450,"UNIVERSITY OF MN ST. PAUL, MN US",1997-05-04,0,,70,35
USC00218450,"UNIVERSITY OF MN ST. PAUL, MN US",1997-05-05,0,,70,53
USC00218450,"UNIVERSITY OF MN ST. PAUL, MN US",1997-05-06,0,,69,39
USC00218450,"UNIVERSITY OF MN ST. PAUL, MN US",1997-05-07,0,,70,51
USC00218450,"UNIVERSITY OF MN ST. PAUL, MN US",1997-05-08,0,,54,45
USC00218450,"UNIVERSITY OF MN ST. PAUL, MN US",1997-05-09,0,,63,40
USC00218450,"UNIVERSITY OF MN ST. PAUL, MN US",1997-05-10,0,,74,39
USC00218450,"UNIVERSITY OF MN ST. PAUL, MN US",1997-05-11,0,,75,44
USC00218450,"UNIVERSITY OF MN ST. PAUL, MN US",1997-05-12,0,,54,37
USC00218450,"UNIVERSITY OF MN ST. PAUL, MN US",1997-05-13,0,,52,32
USC00218450,"UNIVERSITY OF MN ST. PAUL, MN US",1997-05-14,0,,49,39
USC00218450,"UNIVERSITY OF MN ST. PAUL, MN US",1997-05-15,0,,51,33
USC00218450,"UNIVERSITY OF MN ST. PAUL, MN US",1997-05-16,0,,77,40
USC00218450,"UNIVERSITY OF MN ST. PAUL, MN US",1997-05-17,0,,74,43
USC00218450,"UNIVERSITY OF MN ST. PAUL, MN US",1997-05-18,0,,75,54
USC00218450,"UNIVERSITY OF MN ST. PAUL, MN US",1997-05-19,0,,69,43
USC00218450,"UNIVERSITY OF MN ST. PAUL, MN US",1997-05-20,0,,58,39
USC00218450,"UNIVERSITY OF MN ST. PAUL, MN US",1997-05-21,0,,65,39
USC00218450,"UNIVERSITY OF MN ST. PAUL, MN US",1997-05-22,0,,73,49
USC00218450,"UNIVERSITY OF MN ST. PAUL, MN US",1997-05-23,0,,76,57
USC00218450,"UNIVERSITY OF MN ST. PAUL, MN US",1997-05-24,0,,74,54
USC00218450,"UNIVERSITY OF MN ST. PAUL, MN US",1997-05-25,0,,66,50
USC00218450,"UNIVERSITY OF MN ST. PAUL, MN US",1997-05-26,0,,65,44
USC00218450,"UNIVERSITY OF MN ST. PAUL, MN US",1997-05-27,0,,69,44
USC00218450,"UNIVERSITY OF MN ST. PAUL, MN US",1997-05-28,0,,67,53
USC00218450,"UNIVERSITY OF MN ST. PAUL, MN US",1997-05-29,0,,60,50
USC00218450,"UNIVERSITY OF MN ST. PAUL, MN US",1997-05-30,0,,76,48
USC00218450,"UNIVERSITY OF MN ST. PAUL, MN US",1997-05-31,0,,83,51
USC00218450,"UNIVERSITY OF MN ST. PAUL, MN US",1997-06-01,0,,85,58
USC00218450,"UNIVERSITY OF MN ST. PAUL, MN US",1997-06-02,0,,85,64
USC00218450,"UNIVERSITY OF MN ST. PAUL, MN US",1997-06-03,0,,80,61
USC00218450,"UNIVERSITY OF MN ST. PAUL, MN US",1997-06-04,0,,83,62
USC00218450,"UNIVERSITY OF MN ST. PAUL, MN US",1997-06-05,0,,82,55
USC00218450,"UNIVERSITY OF MN ST. PAUL, MN US",1997-06-06,0,,76,55
USC00218450,"UNIVERSITY OF MN ST. PAUL, MN US",1997-06-07,0,,76,55
USC00218450,"UNIVERSITY OF MN ST. PAUL, MN US",1997-06-08,0,,78,53
USC00218450,"UNIVERSITY OF MN ST. PAUL, MN US",1997-06-09,0,,82,51
USC00218450,"UNIVERSITY OF MN ST. PAUL, MN US",1997-06-10,0,,84,59
USC00218450,"UNIVERSITY OF MN ST. PAUL, MN US",1997-06-11,0,,83,58
USC00218450,"UNIVERSITY OF MN ST. PAUL, MN US",1997-06-12,0,,86,56
USC00218450,"UNIVERSITY OF MN ST. PAUL, MN US",1997-06-13,0,,85,62
USC00218450,"UNIVERSITY OF MN ST. PAUL, MN US",1997-06-14,0,,81,55
USC00218450,"UNIVERSITY OF MN ST. PAUL, MN US",1997-06-15,0,,81,63
USC00218450,"UNIVERSITY OF MN ST. PAUL, MN US",1997-06-16,0,,79,59
USC00218450,"UNIVERSITY OF MN ST. PAUL, MN US",1997-06-17,0,,78,52
USC00218450,"UNIVERSITY OF MN ST. PAUL, MN US",1997-06-18,0,,78,56
USC00218450,"UNIVERSITY OF MN ST. PAUL, MN US",1997-06-19,0,,69,58
USC00218450,"UNIVERSITY OF MN ST. PAUL, MN US",1997-06-20,0,,82,60
USC00218450,"UNIVERSITY OF MN ST. PAUL, MN US",1997-06-21,0,,83,61
USC00218450,"UNIVERSITY OF MN ST. PAUL, MN US",1997-06-22,0,,85,60
USC00218450,"UNIVERSITY OF MN ST. PAUL, MN US",1997-06-23,0,,90,68
USC00218450,"UNIVERSITY OF MN ST. PAUL, MN US",1997-06-24,0,,90,72
USC00218450,"UNIVERSITY OF MN ST. PAUL, MN US",1997-06-25,0,,81,65
USC00218450,"UNIVERSITY OF MN ST. PAUL, MN US",1997-06-26,0,,82,58
USC00218450,"UNIVERSITY OF MN ST. PAUL, MN US",1997-06-27,0,,87,67
USC00218450,"UNIVERSITY OF MN ST. PAUL, MN US",1997-06-28,0,,86,63
USC00218450,"UNIVERSITY OF MN ST. PAUL, MN US",1997-06-29,0,,69,63
USC00218450,"UNIVERSITY OF MN ST. PAUL, MN US",1997-06-30,0,,84,63
USC00218450,"UNIVERSITY OF MN ST. PAUL, MN US",1997-07-01,0,,86,67
USC00218450,"UNIVERSITY OF MN ST. PAUL, MN US",1997-07-02,0,,83,58
USC00218450,"UNIVERSITY OF MN ST. PAUL, MN US",1997-07-03,0,,65,58
USC00218450,"UNIVERSITY OF MN ST. PAUL, MN US",1997-07-04,0,,72,51
USC00218450,"UNIVERSITY OF MN ST. PAUL, MN US",1997-07-05,0,,74,55
USC00218450,"UNIVERSITY OF MN ST. PAUL, MN US",1997-07-06,0,,74,52
USC00218450,"UNIVERSITY OF MN ST. PAUL, MN US",1997-07-07,0,,68,50
USC00218450,"UNIVERSITY OF MN ST. PAUL, MN US",1997-07-08,0,,63,56
USC00218450,"UNIVERSITY OF MN ST. PAUL, MN US",1997-07-09,0,,72,51
USC00218450,"UNIVERSITY OF MN ST. PAUL, MN US",1997-07-10,0,,78,58
USC00218450,"UNIVERSITY OF MN ST. PAUL, MN US",1997-07-11,0,,85,64
USC00218450,"UNIVERSITY OF MN ST. PAUL, MN US",1997-07-12,0,,86,71
USC00218450,"UNIVERSITY OF MN ST. PAUL, MN US",1997-07-13,0,,89,72
USC00218450,"UNIVERSITY OF MN ST. PAUL, MN US",1997-07-14,0,,89,66
USC00218450,"UNIVERSITY OF MN ST. PAUL, MN US",1997-07-15,0,,87,67
USC00218450,"UNIVERSITY OF MN ST. PAUL, MN US",1997-07-16,0,,93,74
USC00218450,"UNIVERSITY OF MN ST. PAUL, MN US",1997-07-17,0,,93,66
USC00218450,"UNIVERSITY OF MN ST. PAUL, MN US",1997-07-18,0,,88,70
USC00218450,"UNIVERSITY OF MN ST. PAUL, MN US",1997-07-19,0,,83,65
USC00218450,"UNIVERSITY OF MN ST. PAUL, MN US",1997-07-20,0,,85,66
USC00218450,"UNIVERSITY OF MN ST. PAUL, MN US",1997-07-21,0,,84,67
USC00218450,"UNIVERSITY OF MN ST. PAUL, MN US",1997-07-22,0,,71,61
USC00218450,"UNIVERSITY OF MN ST. PAUL, MN US",1997-07-23,0,,77,63
USC00218450,"UNIVERSITY OF MN ST. PAUL, MN US",1997-07-24,0,,78,67
USC00218450,"UNIVERSITY OF MN ST. PAUL, MN US",1997-07-25,0,,86,69
USC00218450,"UNIVERSITY OF MN ST. PAUL, MN US",1997-07-26,0,,88,71
USC00218450,"UNIVERSITY OF MN ST. PAUL, MN US",1997-07-27,0,,89,74
USC00218450,"UNIVERSITY OF MN ST. PAUL, MN US",1997-07-28,0,,84,63
USC00218450,"UNIVERSITY OF MN ST. PAUL, MN US",1997-07-29,0,,77,59
USC00218450,"UNIVERSITY OF MN ST. PAUL, MN US",1997-07-30,0,,78,56
USC00218450,"UNIVERSITY OF MN ST. PAUL, MN US",1997-07-31,0,,78,56
USC00218450,"UNIVERSITY OF MN ST. PAUL, MN US",1997-08-01,0,,85,64
USC00218450,"UNIVERSITY OF MN ST. PAUL, MN US",1997-08-02,0,,90,63
USC00218450,"UNIVERSITY OF MN ST. PAUL, MN US",1997-08-03,0,,89,64
USC00218450,"UNIVERSITY OF MN ST. PAUL, MN US",1997-08-04,0,,83,63
USC00218450,"UNIVERSITY OF MN ST. PAUL, MN US",1997-08-05,0,,78,56
USC00218450,"UNIVERSITY OF MN ST. PAUL, MN US",1997-08-06,0,,79,61
USC00218450,"UNIVERSITY OF MN ST. PAUL, MN US",1997-08-07,0,,83,60
USC00218450,"UNIVERSITY OF MN ST. PAUL, MN US",1997-08-08,0,,82,68
USC00218450,"UNIVERSITY OF MN ST. PAUL, MN US",1997-08-09,0,,81,64
USC00218450,"UNIVERSITY OF MN ST. PAUL, MN US",1997-08-10,0,,73,54
USC00218450,"UNIVERSITY OF MN ST. PAUL, MN US",1997-08-11,0,,73,54
USC00218450,"UNIVERSITY OF MN ST. PAUL, MN US",1997-08-12,0,,73,62
USC00218450,"UNIVERSITY OF MN ST. PAUL, MN US",1997-08-13,0,,71,49
USC00218450,"UNIVERSITY OF MN ST. PAUL, MN US",1997-08-14,0,,71,54
USC00218450,"UNIVERSITY OF MN ST. PAUL, MN US",1997-08-15,0,,84,60
USC00218450,"UNIVERSITY OF MN ST. PAUL, MN US",1997-08-16,0,,82,63
USC00218450,"UNIVERSITY OF MN ST. PAUL, MN US",1997-08-17,0,,78,55
USC00218450,"UNIVERSITY OF MN ST. PAUL, MN US",1997-08-18,0,,67,56
USC00218450,"UNIVERSITY OF MN ST. PAUL, MN US",1997-08-19,0,,66,58
USC00218450,"UNIVERSITY OF MN ST. PAUL, MN US",1997-08-20,0,,69,59
USC00218450,"UNIVERSITY OF MN ST. PAUL, MN US",1997-08-21,0,,75,55
USC00218450,"UNIVERSITY OF MN ST. PAUL, MN US",1997-08-22,0,,74,51
USC00218450,"UNIVERSITY OF MN ST. PAUL, MN US",1997-08-23,0,,82,60
USC00218450,"UNIVERSITY OF MN ST. PAUL, MN US",1997-08-24,0,,83,63
USC00218450,"UNIVERSITY OF MN ST. PAUL, MN US",1997-08-25,0,,78,61
USC00218450,"UNIVERSITY OF MN ST. PAUL, MN US",1997-08-26,0,,84,67
USC00218450,"UNIVERSITY OF MN ST. PAUL, MN US",1997-08-27,0,,84,68
USC00218450,"UNIVERSITY OF MN ST. PAUL, MN US",1997-08-28,0,,83,58
USC00218450,"UNIVERSITY OF MN ST. PAUL, MN US",1997-08-29,0,,78,60
USC00218450,"UNIVERSITY OF MN ST. PAUL, MN US",1997-08-30,0,,79,66
USC00218450,"UNIVERSITY OF MN ST. PAUL, MN US",1997-08-31,0,,84,62
USC00218450,"UNIVERSITY OF MN ST. PAUL, MN US",1997-09-01,0,,86,68
USC00218450,"UNIVERSITY OF MN ST. PAUL, MN US",1997-09-02,0,,83,57
USC00218450,"UNIVERSITY OF MN ST. PAUL, MN US",1997-09-03,0,,68,45
USC00218450,"UNIVERSITY OF MN ST. PAUL, MN US",1997-09-04,0,,71,52
USC00218450,"UNIVERSITY OF MN ST. PAUL, MN US",1997-09-05,0,,80,58
USC00218450,"UNIVERSITY OF MN ST. PAUL, MN US",1997-09-06,0,,80,59
USC00218450,"UNIVERSITY OF MN ST. PAUL, MN US",1997-09-07,0,,78,60
USC00218450,"UNIVERSITY OF MN ST. PAUL, MN US",1997-09-08,0,,76,64
USC00218450,"UNIVERSITY OF MN ST. PAUL, MN US",1997-09-09,0,,74,56
USC00218450,"UNIVERSITY OF MN ST. PAUL, MN US",1997-09-10,0,,70,50
USC00218450,"UNIVERSITY OF MN ST. PAUL, MN US",1997-09-11,0,,72,46
USC00218450,"UNIVERSITY OF MN ST. PAUL, MN US",1997-09-12,0,,76,52
USC00218450,"UNIVERSITY OF MN ST. PAUL, MN US",1997-09-13,0,,75,60
USC00218450,"UNIVERSITY OF MN ST. PAUL, MN US",1997-09-14,0,,78,57
USC00218450,"UNIVERSITY OF MN ST. PAUL, MN US",1997-09-15,0,,77,65
USC00218450,"UNIVERSITY OF MN ST. PAUL, MN US",1997-09-16,0,,73,65
USC00218450,"UNIVERSITY OF MN ST. PAUL, MN US",1997-09-17,0,,73,54
USC00218450,"UNIVERSITY OF MN ST. PAUL, MN US",1997-09-18,0,,82,57
USC00218450,"UNIVERSITY OF MN ST. PAUL, MN US",1997-09-19,0,,80,59
USC00218450,"UNIVERSITY OF MN ST. PAUL, MN US",1997-09-20,0,,67,48
USC00218450,"UNIVERSITY OF MN ST. PAUL, MN US",1997-09-21,0,,64,40
USC00218450,"UNIVERSITY OF MN ST. PAUL, MN US",1997-09-22,0,,63,50
USC00218450,"UNIVERSITY OF MN ST. PAUL, MN US",1997-09-23,0,,65,47
USC00218450,"UNIVERSITY OF MN ST. PAUL, MN US",1997-09-24,0,,71,44
USC00218450,"UNIVERSITY OF MN ST. PAUL, MN US",1997-09-25,0,,78,56
USC00218450,"UNIVERSITY OF MN ST. PAUL, MN US",1997-09-26,0,,77,52
USC00218450,"UNIVERSITY OF MN ST. PAUL, MN US",1997-09-27,0,,77,62
USC00218450,"UNIVERSITY OF MN ST. PAUL, MN US",1997-09-28,0,,75,53
USC00218450,"UNIVERSITY OF MN ST. PAUL, MN US",1997-09-29,0,,68,58
USC00218450,"UNIVERSITY OF MN ST. PAUL, MN US",1997-09-30,0,,66,48
USC00218450,"UNIVERSITY OF MN ST. PAUL, MN US",1997-10-01,0,,65,42
USC00218450,"UNIVERSITY OF MN ST. PAUL, MN US",1997-10-02,0,,82,54
USC00218450,"UNIVERSITY OF MN ST. PAUL, MN US",1997-10-03,0,,90,61
USC00218450,"UNIVERSITY OF MN ST. PAUL, MN US",1997-10-04,0,,88,51
USC00218450,"UNIVERSITY OF MN ST. PAUL, MN US",1997-10-05,0,,76,64
USC00218450,"UNIVERSITY OF MN ST. PAUL, MN US",1997-10-06,0,,76,48
USC00218450,"UNIVERSITY OF MN ST. PAUL, MN US",1997-10-07,0,,85,54
USC00218450,"UNIVERSITY OF MN ST. PAUL, MN US",1997-10-08,0,,81,69
USC00218450,"UNIVERSITY OF MN ST. PAUL, MN US",1997-10-09,0,,72,48
USC00218450,"UNIVERSITY OF MN ST. PAUL, MN US",1997-10-10,0,,70,39
USC00218450,"UNIVERSITY OF MN ST. PAUL, MN US",1997-10-11,0,,79,59
USC00218450,"UNIVERSITY OF MN ST. PAUL, MN US",1997-10-12,0,,79,62
USC00218450,"UNIVERSITY OF MN ST. PAUL, MN US",1997-10-13,0,,67,40
USC00218450,"UNIVERSITY OF MN ST. PAUL, MN US",1997-10-14,0,,47,31
USC00218450,"UNIVERSITY OF MN ST. PAUL, MN US",1997-10-15,0,,62,34
USC00218450,"UNIVERSITY OF MN ST. PAUL, MN US",1997-10-16,0,,62,38
USC00218450,"UNIVERSITY OF MN ST. PAUL, MN US",1997-10-17,0,,63,43
USC00218450,"UNIVERSITY OF MN ST. PAUL, MN US",1997-10-18,0,,67,46
USC00218450,"UNIVERSITY OF MN ST. PAUL, MN US",1997-10-19,0,,66,45
USC00218450,"UNIVERSITY OF MN ST. PAUL, MN US",1997-10-20,0,,50,32
USC00218450,"UNIVERSITY OF MN ST. PAUL, MN US",1997-10-21,0,,49,32
USC00218450,"UNIVERSITY OF MN ST. PAUL, MN US",1997-10-22,0,,44,25
USC00218450,"UNIVERSITY OF MN ST. PAUL, MN US",1997-10-23,0,,46,37
USC00218450,"UNIVERSITY OF MN ST. PAUL, MN US",1997-10-24,0,,43,38
USC00218450,"UNIVERSITY OF MN ST. PAUL, MN US",1997-10-25,0,,41,29
USC00218450,"UNIVERSITY OF MN ST. PAUL, MN US",1997-10-26,0,,37,25
USC00218450,"UNIVERSITY OF MN ST. PAUL, MN US",1997-10-27,0,,42,17
USC00218450,"UNIVERSITY OF MN ST. PAUL, MN US",1997-10-28,0,,51,30
USC00218450,"UNIVERSITY OF MN ST. PAUL, MN US",1997-10-29,0,,53,35
USC00218450,"UNIVERSITY OF MN ST. PAUL, MN US",1997-10-30,0,,51,40
USC00218450,"UNIVERSITY OF MN ST. PAUL, MN US",1997-10-31,0,,59,39
USC00218450,"UNIVERSITY OF MN ST. PAUL, MN US",1997-11-01,0,,55,37
USC00218450,"UNIVERSITY OF MN ST. PAUL, MN US",1997-11-02,0,,37,30
USC00218450,"UNIVERSITY OF MN ST. PAUL, MN US",1997-11-03,0,,33,28
USC00218450,"UNIVERSITY OF MN ST. PAUL, MN US",1997-11-04,0,,33,30
USC00218450,"UNIVERSITY OF MN ST. PAUL, MN US",1997-11-05,0,,37,32
USC00218450,"UNIVERSITY OF MN ST. PAUL, MN US",1997-11-06,0,,44,34
USC00218450,"UNIVERSITY OF MN ST. PAUL, MN US",1997-11-07,0,,43,38
USC00218450,"UNIVERSITY OF MN ST. PAUL, MN US",1997-11-08,0,,42,33
USC00218450,"UNIVERSITY OF MN ST. PAUL, MN US",1997-11-09,0,,38,34
USC00218450,"UNIVERSITY OF MN ST. PAUL, MN US",1997-11-10,0,,35,26
USC00218450,"UNIVERSITY OF MN ST. PAUL, MN US",1997-11-11,0,,28,21
USC00218450,"UNIVERSITY OF MN ST. PAUL, MN US",1997-11-12,0,,27,13
USC00218450,"UNIVERSITY OF MN ST. PAUL, MN US",1997-11-13,,,31,23
USC00218450,"UNIVERSITY OF MN ST. PAUL, MN US",1997-11-14,,,34,27
USC00218450,"UNIVERSITY OF MN ST. PAUL, MN US",1997-11-15,,,32,18
USC00218450,"UNIVERSITY OF MN ST. PAUL, MN US",1997-11-16,,,24,9
USC00218450,"UNIVERSITY OF MN ST. PAUL, MN US",1997-11-17,,,34,9
USC00218450,"UNIVERSITY OF MN ST. PAUL, MN US",1997-11-18,,,30,13
USC00218450,"UNIVERSITY OF MN ST. PAUL, MN US",1997-11-19,,,26,17
USC00218450,"UNIVERSITY OF MN ST. PAUL, MN US",1997-11-20,,,28,21
USC00218450,"UNIVERSITY OF MN ST. PAUL, MN US",1997-11-21,,,31,15
USC00218450,"UNIVERSITY OF MN ST. PAUL, MN US",1997-11-22,,,33,22
USC00218450,"UNIVERSITY OF MN ST. PAUL, MN US",1997-11-23,,,23,18
USC00218450,"UNIVERSITY OF MN ST. PAUL, MN US",1997-11-24,,,30,8
USC00218450,"UNIVERSITY OF MN ST. PAUL, MN US",1997-11-25,,,46,28
USC00218450,"UNIVERSITY OF MN ST. PAUL, MN US",1997-11-26,,,41,31
USC00218450,"UNIVERSITY OF MN ST. PAUL, MN US",1997-11-27,,,45,32
USC00218450,"UNIVERSITY OF MN ST. PAUL, MN US",1997-11-28,,,46,26
USC00218450,"UNIVERSITY OF MN ST. PAUL, MN US",1997-11-29,,,37,25
USC00218450,"UNIVERSITY OF MN ST. PAUL, MN US",1997-11-30,,,33,25
USC00218450,"UNIVERSITY OF MN ST. PAUL, MN US",1997-12-01,0,,33,32
USC00218450,"UNIVERSITY OF MN ST. PAUL, MN US",1997-12-02,0,,34,32
USC00218450,"UNIVERSITY OF MN ST. PAUL, MN US",1997-12-03,0,,34,28
USC00218450,"UNIVERSITY OF MN ST. PAUL, MN US",1997-12-04,0,,30,21
USC00218450,"UNIVERSITY OF MN ST. PAUL, MN US",1997-12-05,0,,27,15
USC00218450,"UNIVERSITY OF MN ST. PAUL, MN US",1997-12-06,0,,32,25
USC00218450,"UNIVERSITY OF MN ST. PAUL, MN US",1997-12-07,0,,31,22
USC00218450,"UNIVERSITY OF MN ST. PAUL, MN US",1997-12-08,0,,27,23
USC00218450,"UNIVERSITY OF MN ST. PAUL, MN US",1997-12-09,0,,28,25
USC00218450,"UNIVERSITY OF MN ST. PAUL, MN US",1997-12-10,0,,34,25
USC00218450,"UNIVERSITY OF MN ST. PAUL, MN US",1997-12-11,0,,32,23
USC00218450,"UNIVERSITY OF MN ST. PAUL, MN US",1997-12-12,0,,33,19
USC00218450,"UNIVERSITY OF MN ST. PAUL, MN US",1997-12-13,0,,37,23
USC00218450,"UNIVERSITY OF MN ST. PAUL, MN US",1997-12-14,0,,45,24
USC00218450,"UNIVERSITY OF MN ST. PAUL, MN US",1997-12-15,0,,46,32
USC00218450,"UNIVERSITY OF MN ST. PAUL, MN US",1997-12-16,0,,45,32
USC00218450,"UNIVERSITY OF MN ST. PAUL, MN US",1997-12-17,0,,45,26
USC00218450,"UNIVERSITY OF MN ST. PAUL, MN US",1997-12-18,0,,46,32
USC00218450,"UNIVERSITY OF MN ST. PAUL, MN US",1997-12-19,0,,41,31
USC00218450,"UNIVERSITY OF MN ST. PAUL, MN US",1997-12-20,0,,33,19
USC00218450,"UNIVERSITY OF MN ST. PAUL, MN US",1997-12-21,0,,32,18
USC00218450,"UNIVERSITY OF MN ST. PAUL, MN US",1997-12-22,0,,31,23
USC00218450,"UNIVERSITY OF MN ST. PAUL, MN US",1997-12-23,0,,32,26
USC00218450,"UNIVERSITY OF MN ST. PAUL, MN US",1997-12-24,0,,28,22
USC00218450,"UNIVERSITY OF MN ST. PAUL, MN US",1997-12-25,0,,27,23
USC00218450,"UNIVERSITY OF MN ST. PAUL, MN US",1997-12-26,0,,33,22
USC00218450,"UNIVERSITY OF MN ST. PAUL, MN US",1997-12-27,0,,30,8
USC00218450,"UNIVERSITY OF MN ST. PAUL, MN US",1997-12-28,0,,30,27
USC00218450,"UNIVERSITY OF MN ST. PAUL, MN US",1997-12-29,0,,27,19
USC00218450,"UNIVERSITY OF MN ST. PAUL, MN US",1997-12-30,0,,27,21
USC00218450,"UNIVERSITY OF MN ST. PAUL, MN US",1997-12-31,0,,21,-2
USC00218450,"UNIVERSITY OF MN ST. PAUL, MN US",1998-01-01,0,,43,12
USC00218450,"UNIVERSITY OF MN ST. PAUL, MN US",1998-01-02,0,,45,29
USC00218450,"UNIVERSITY OF MN ST. PAUL, MN US",1998-01-03,0,,43,14
USC00218450,"UNIVERSITY OF MN ST. PAUL, MN US",1998-01-04,0,,27,9
USC00218450,"UNIVERSITY OF MN ST. PAUL, MN US",1998-01-05,,,31,23
USC00218450,"UNIVERSITY OF MN ST. PAUL, MN US",1998-01-06,,,31,28
USC00218450,"UNIVERSITY OF MN ST. PAUL, MN US",1998-01-07,,,30,24
USC00218450,"UNIVERSITY OF MN ST. PAUL, MN US",1998-01-08,,,34,23
USC00218450,"UNIVERSITY OF MN ST. PAUL, MN US",1998-01-09,,,30,0
USC00218450,"UNIVERSITY OF MN ST. PAUL, MN US",1998-01-10,,,1,-7
USC00218450,"UNIVERSITY OF MN ST. PAUL, MN US",1998-01-11,,,6,-5
USC00218450,"UNIVERSITY OF MN ST. PAUL, MN US",1998-01-12,,,7,-5
USC00218450,"UNIVERSITY OF MN ST. PAUL, MN US",1998-01-13,,,6,-15
USC00218450,"UNIVERSITY OF MN ST. PAUL, MN US",1998-01-14,,,14,-1
USC00218450,"UNIVERSITY OF MN ST. PAUL, MN US",1998-01-15,,,17,-4
USC00218450,"UNIVERSITY OF MN ST. PAUL, MN US",1998-01-16,,,23,16
USC00218450,"UNIVERSITY OF MN ST. PAUL, MN US",1998-01-17,,,22,9
USC00218450,"UNIVERSITY OF MN ST. PAUL, MN US",1998-01-18,,,22,13
USC00218450,"UNIVERSITY OF MN ST. PAUL, MN US",1998-01-19,,,25,15
USC00218450,"UNIVERSITY OF MN ST. PAUL, MN US",1998-01-20,,,21,6
USC00218450,"UNIVERSITY OF MN ST. PAUL, MN US",1998-01-21,,,27,18
USC00218450,"UNIVERSITY OF MN ST. PAUL, MN US",1998-01-22,,,29,22
USC00218450,"UNIVERSITY OF MN ST. PAUL, MN US",1998-01-23,,,28,23
USC00218450,"UNIVERSITY OF MN ST. PAUL, MN US",1998-01-24,,,33,18
USC00218450,"UNIVERSITY OF MN ST. PAUL, MN US",1998-01-25,,,26,20
USC00218450,"UNIVERSITY OF MN ST. PAUL, MN US",1998-01-26,,,25,23
USC00218450,"UNIVERSITY OF MN ST. PAUL, MN US",1998-01-27,,,32,23
USC00218450,"UNIVERSITY OF MN ST. PAUL, MN US",1998-01-28,,,33,26
USC00218450,"UNIVERSITY OF MN ST. PAUL, MN US",1998-01-29,,,32,18
USC00218450,"UNIVERSITY OF MN ST. PAUL, MN US",1998-01-30,,,27,20
USC00218450,"UNIVERSITY OF MN ST. PAUL, MN US",1998-01-31,,,44,24
USC00218450,"UNIVERSITY OF MN ST. PAUL, MN US",1998-02-01,,,38,24
USC00218450,"UNIVERSITY OF MN ST. PAUL, MN US",1998-02-02,,,29,22
USC00218450,"UNIVERSITY OF MN ST. PAUL, MN US",1998-02-03,,,32,17
USC00218450,"UNIVERSITY OF MN ST. PAUL, MN US",1998-02-04,,,25,11
USC00218450,"UNIVERSITY OF MN ST. PAUL, MN US",1998-02-05,,,28,5
USC00218450,"UNIVERSITY OF MN ST. PAUL, MN US",1998-02-06,,,31,8
USC00218450,"UNIVERSITY OF MN ST. PAUL, MN US",1998-02-07,,,39,12
USC00218450,"UNIVERSITY OF MN ST. PAUL, MN US",1998-02-08,,,38,16
USC00218450,"UNIVERSITY OF MN ST. PAUL, MN US",1998-02-09,,,36,25
USC00218450,"UNIVERSITY OF MN ST. PAUL, MN US",1998-02-10,,,35,30
USC00218450,"UNIVERSITY OF MN ST. PAUL, MN US",1998-02-11,,,34,29
USC00218450,"UNIVERSITY OF MN ST. PAUL, MN US",1998-02-12,,,32,17
USC00218450,"UNIVERSITY OF MN ST. PAUL, MN US",1998-02-13,,,32,23
USC00218450,"UNIVERSITY OF MN ST. PAUL, MN US",1998-02-14,,,31,26
USC00218450,"UNIVERSITY OF MN ST. PAUL, MN US",1998-02-15,,,43,29
USC00218450,"UNIVERSITY OF MN ST. PAUL, MN US",1998-02-16,,,45,36
USC00218450,"UNIVERSITY OF MN ST. PAUL, MN US",1998-02-17,0,,43,35
USC00218450,"UNIVERSITY OF MN ST. PAUL, MN US",1998-02-18,0,,41,34
USC00218450,"UNIVERSITY OF MN ST. PAUL, MN US",1998-02-19,0,,40,33
USC00218450,"UNIVERSITY OF MN ST. PAUL, MN US",1998-02-20,0,,45,33
USC00218450,"UNIVERSITY OF MN ST. PAUL, MN US",1998-02-21,0,,41,32
USC00218450,"UNIVERSITY OF MN ST. PAUL, MN US",1998-02-22,0,,45,34
USC00218450,"UNIVERSITY OF MN ST. PAUL, MN US",1998-02-23,0,,47,40
USC00218450,"UNIVERSITY OF MN ST. PAUL, MN US",1998-02-24,0,,53,33
USC00218450,"UNIVERSITY OF MN ST. PAUL, MN US",1998-02-25,0,,51,41
USC00218450,"UNIVERSITY OF MN ST. PAUL, MN US",1998-02-26,0,,50,43
USC00218450,"UNIVERSITY OF MN ST. PAUL, MN US",1998-02-27,0,,46,33
USC00218450,"UNIVERSITY OF MN ST. PAUL, MN US",1998-02-28,0,,34,29
USC00218450,"UNIVERSITY OF MN ST. PAUL, MN US",1998-03-01,,,33,26
USC00218450,"UNIVERSITY OF MN ST. PAUL, MN US",1998-03-02,,,39,32
USC00218450,"UNIVERSITY OF MN ST. PAUL, MN US",1998-03-03,,,35,26
USC00218450,"UNIVERSITY OF MN ST. PAUL, MN US",1998-03-04,,,32,18
USC00218450,"UNIVERSITY OF MN ST. PAUL, MN US",1998-03-05,,,32,26
USC00218450,"UNIVERSITY OF MN ST. PAUL, MN US",1998-03-06,,,29,22
USC00218450,"UNIVERSITY OF MN ST. PAUL, MN US",1998-03-07,,,37,19
USC00218450,"UNIVERSITY OF MN ST. PAUL, MN US",1998-03-08,,,36,29
USC00218450,"UNIVERSITY OF MN ST. PAUL, MN US",1998-03-09,,,32,10
USC00218450,"UNIVERSITY OF MN ST. PAUL, MN US",1998-03-10,,,17,4
USC00218450,"UNIVERSITY OF MN ST. PAUL, MN US",1998-03-11,,,20,1
USC00218450,"UNIVERSITY OF MN ST. PAUL, MN US",1998-03-12,,,24,4
USC00218450,"UNIVERSITY OF MN ST. PAUL, MN US",1998-03-13,,,35,15
USC00218450,"UNIVERSITY OF MN ST. PAUL, MN US",1998-03-14,,,30,8
USC00218450,"UNIVERSITY OF MN ST. PAUL, MN US",1998-03-15,,,29,20
USC00218450,"UNIVERSITY OF MN ST. PAUL, MN US",1998-03-16,,,34,16
USC00218450,"UNIVERSITY OF MN ST. PAUL, MN US",1998-03-17,,,39,24
USC00218450,"UNIVERSITY OF MN ST. PAUL, MN US",1998-03-18,,,38,28
USC00218450,"UNIVERSITY OF MN ST. PAUL, MN US",1998-03-19,,,41,28
USC00218450,"UNIVERSITY OF MN ST. PAUL, MN US",1998-03-20,,,45,20
USC00218450,"UNIVERSITY OF MN ST. PAUL, MN US",1998-03-21,,,46,27
USC00218450,"UNIVERSITY OF MN ST. PAUL, MN US",1998-03-22,,,44,29
USC00218450,"UNIVERSITY OF MN ST. PAUL, MN US",1998-03-23,,,41,30
USC00218450,"UNIVERSITY OF MN ST. PAUL, MN US",1998-03-24,,,42,24
USC00218450,"UNIVERSITY OF MN ST. PAUL, MN US",1998-03-25,,,58,33
USC00218450,"UNIVERSITY OF MN ST. PAUL, MN US",1998-03-26,,,69,50
USC00218450,"UNIVERSITY OF MN ST. PAUL, MN US",1998-03-27,,,63,50
USC00218450,"UNIVERSITY OF MN ST. PAUL, MN US",1998-03-28,,,62,41
USC00218450,"UNIVERSITY OF MN ST. PAUL, MN US",1998-03-29,,,61,47
USC00218450,"UNIVERSITY OF MN ST. PAUL, MN US",1998-03-30,,,53,38
USC00218450,"UNIVERSITY OF MN ST. PAUL, MN US",1998-03-31,,,44,35
USC00218450,"UNIVERSITY OF MN ST. PAUL, MN US",1998-04-01,0,,46,32
USC00218450,"UNIVERSITY OF MN ST. PAUL, MN US",1998-04-02,0,,44,36
USC00218450,"UNIVERSITY OF MN ST. PAUL, MN US",1998-04-03,0,,54,37
USC00218450,"UNIVERSITY OF MN ST. PAUL, MN US",1998-04-04,0,,57,32
USC00218450,"UNIVERSITY OF MN ST. PAUL, MN US",1998-04-05,0,,59,37
USC00218450,"UNIVERSITY OF MN ST. PAUL, MN US",1998-04-06,0,,63,46
USC00218450,"UNIVERSITY OF MN ST. PAUL, MN US",1998-04-07,0,,65,45
USC00218450,"UNIVERSITY OF MN ST. PAUL, MN US",1998-04-08,0,,52,38
USC00218450,"UNIVERSITY OF MN ST. PAUL, MN US",1998-04-09,0,,56,37
USC00218450,"UNIVERSITY OF MN ST. PAUL, MN US",1998-04-10,0,,61,30
USC00218450,"UNIVERSITY OF MN ST. PAUL, MN US",1998-04-11,0,,70,45
USC00218450,"UNIVERSITY OF MN ST. PAUL, MN US",1998-04-12,0,,72,57
USC00218450,"UNIVERSITY OF MN ST. PAUL, MN US",1998-04-13,0,,65,54
USC00218450,"UNIVERSITY OF MN ST. PAUL, MN US",1998-04-14,0,,60,42
USC00218450,"UNIVERSITY OF MN ST. PAUL, MN US",1998-04-15,0,,59,36
USC00218450,"UNIVERSITY OF MN ST. PAUL, MN US",1998-04-16,0,,52,33
USC00218450,"UNIVERSITY OF MN ST. PAUL, MN US",1998-04-17,0,,61,33
USC00218450,"UNIVERSITY OF MN ST. PAUL, MN US",1998-04-18,0,,60,47
USC00218450,"UNIVERSITY OF MN ST. PAUL, MN US",1998-04-19,0,,57,43
USC00218450,"UNIVERSITY OF MN ST. PAUL, MN US",1998-04-20,0,,62,44
USC00218450,"UNIVERSITY OF MN ST. PAUL, MN US",1998-04-21,0,,65,43
USC00218450,"UNIVERSITY OF MN ST. PAUL, MN US",1998-04-22,0,,69,41
USC00218450,"UNIVERSITY OF MN ST. PAUL, MN US",1998-04-23,0,,75,43
USC00218450,"UNIVERSITY OF MN ST. PAUL, MN US",1998-04-24,0,,77,49
USC00218450,"UNIVERSITY OF MN ST. PAUL, MN US",1998-04-25,0,,77,52
USC00218450,"UNIVERSITY OF MN ST. PAUL, MN US",1998-04-26,0,,68,48
USC00218450,"UNIVERSITY OF MN ST. PAUL, MN US",1998-04-27,0,,66,39
USC00218450,"UNIVERSITY OF MN ST. PAUL, MN US",1998-04-28,0,,68,40
USC00218450,"UNIVERSITY OF MN ST. PAUL, MN US",1998-04-29,0,,70,40
USC00218450,"UNIVERSITY OF MN ST. PAUL, MN US",1998-04-30,0,,75,43
